{"accuracy": [0.3299649655818939, 0.4280824661254883, 0.4761632978916168, 0.5025670528411865, 0.5379349589347839, 0.5703691840171814, 0.5934316515922546, 0.5897644758224487, 0.6173905730247498, 0.6240730285644531, 0.6451796889305115, 0.6459131240844727, 0.662537693977356, 0.6645750403404236, 0.6768804788589478, 0.6796512007713318, 0.69179368019104, 0.6951348781585693, 0.6941569447517395, 0.6966832280158997, 0.7084182500839233, 0.7088257074356079, 0.7126558423042297, 0.7183603644371033, 0.7167304754257202, 0.7184418439865112, 0.7144486904144287, 0.7274060845375061, 0.7253687381744385, 0.7318881750106812, 0.7333550453186035, 0.7441936135292053, 0.7422378063201904, 0.7441936135292053, 0.746149480342865, 0.7459049820899963, 0.746149480342865, 0.7498981356620789, 0.7476978302001953, 0.752342939376831, 0.7562546133995056, 0.7502241134643555, 0.7560915946960449, 0.7520169615745544, 0.7625295519828796, 0.762366533279419, 0.7578029632568359, 0.7620405554771423, 0.7608996629714966, 0.762366533279419, 0.7631815075874329, 0.7649743556976318, 0.7638334035873413, 0.7651373147964478, 0.7710862755775452, 0.7669301629066467, 0.7710047960281372, 0.7768722772598267, 0.7750794291496277, 0.7736125588417053, 0.7778502106666565, 0.7748349905014038, 0.7751609683036804, 0.7803764939308167, 0.777279794216156, 0.7769538164138794, 0.7784206867218018, 0.7802135348320007, 0.7803764939308167, 0.7815173864364624, 0.7829842567443848, 0.7857550382614136, 0.7820063829421997, 0.7827398180961609, 0.7833102345466614, 0.7842881679534912, 0.785266101360321, 0.7970010638237, 0.7888517379760742, 0.7896667122840881, 0.7857550382614136, 0.7908076047897339, 0.7893407344818115, 0.7859179973602295, 0.7929264307022095, 0.7978159785270691, 0.7938228249549866, 0.7939043045043945, 0.7911335825920105, 0.793333888053894, 0.8001793026924133, 0.797897458076477, 0.7903186082839966, 0.7993643283843994, 0.7928448915481567, 0.7947192788124084, 0.798712432384491, 0.8008311986923218, 0.7950452566146851, 0.8005052804946899], "loss": [2.524069309234619, 2.0338919162750244, 1.794797420501709, 1.662278413772583, 1.5849665403366089, 1.536779761314392, 1.502956509590149, 1.536943793296814, 1.4557623863220215, 1.4792308807373047, 1.4408549070358276, 1.4590792655944824, 1.4572947025299072, 1.4751132726669312, 1.4380043745040894, 1.4103779792785645, 1.407148003578186, 1.3831415176391602, 1.4129241704940796, 1.3937040567398071, 1.3824207782745361, 1.3593751192092896, 1.3752517700195312, 1.3383657932281494, 1.3420137166976929, 1.3343911170959473, 1.3676341772079468, 1.343120813369751, 1.3259131908416748, 1.3229711055755615, 1.3270537853240967, 1.2980691194534302, 1.2993584871292114, 1.296576976776123, 1.2764898538589478, 1.2977733612060547, 1.2968776226043701, 1.2771767377853394, 1.2779113054275513, 1.2820073366165161, 1.270646095275879, 1.2985883951187134, 1.2732986211776733, 1.26339852809906, 1.2418549060821533, 1.2326276302337646, 1.2544188499450684, 1.2458559274673462, 1.2366958856582642, 1.2530038356781006, 1.2475221157073975, 1.2425850629806519, 1.2400541305541992, 1.2462356090545654, 1.2393972873687744, 1.2330260276794434, 1.2162292003631592, 1.1870170831680298, 1.2113627195358276, 1.2017699480056763, 1.1926618814468384, 1.2070776224136353, 1.2059260606765747, 1.213761568069458, 1.207116723060608, 1.2217905521392822, 1.204302191734314, 1.193798303604126, 1.202239990234375, 1.1899827718734741, 1.173100471496582, 1.1729587316513062, 1.1877144575119019, 1.1832228899002075, 1.186219573020935, 1.1926385164260864, 1.1766650676727295, 1.1666221618652344, 1.189887523651123, 1.1668976545333862, 1.1876682043075562, 1.1712849140167236, 1.172784686088562, 1.1761940717697144, 1.1544792652130127, 1.1532503366470337, 1.1943942308425903, 1.1769431829452515, 1.1748126745224, 1.1588475704193115, 1.16310715675354, 1.1486668586730957, 1.1642091274261475, 1.1604421138763428, 1.1738896369934082, 1.1617151498794556, 1.1485604047775269, 1.1512552499771118, 1.165680170059204, 1.1463590860366821], "val_accuracy": [0.22262060642242432, 0.4843546152114868, 0.5241199731826782, 0.484028697013855, 0.5531290769577026, 0.6382007598876953, 0.6668839454650879, 0.6616688370704651, 0.6975228190422058, 0.6144067645072937, 0.6870925426483154, 0.7037158012390137, 0.7268579006195068, 0.74250328540802, 0.7092568278312683, 0.7239243984222412, 0.7539113163948059, 0.7503259181976318, 0.7555410861968994, 0.75749671459198, 0.7421773076057434, 0.7620599865913391, 0.75749671459198, 0.770860493183136, 0.7411994934082031, 0.775749683380127, 0.7728161811828613, 0.7803128957748413, 0.7829204797744751, 0.7770534753799438, 0.778357207775116, 0.7275097966194153, 0.7695567011833191, 0.7617340087890625, 0.7790091037750244, 0.7865058779716492, 0.805084764957428, 0.7979139685630798, 0.7900912761688232, 0.7871577739715576, 0.7832463979721069, 0.78194260597229, 0.8011733889579773, 0.7861799001693726, 0.7940025925636292, 0.7988917827606201, 0.7780312895774841, 0.7066493034362793, 0.7825945019721985, 0.7975879907608032, 0.7966101765632629, 0.7979139685630798, 0.7913950681686401, 0.8122555613517761, 0.7711864113807678, 0.7982398867607117, 0.8129074573516846, 0.8057366609573364, 0.8014993667602539, 0.8132333755493164, 0.8102998733520508, 0.8151890635490417, 0.7894393801689148, 0.8070403933525085, 0.8132333755493164, 0.8044328689575195, 0.7959582805633545, 0.8148630857467651, 0.8014993667602539, 0.7975879907608032, 0.7979139685630798, 0.7926988005638123, 0.7878096699714661, 0.816166877746582, 0.8024771809577942, 0.8096479773521423, 0.7803128957748413, 0.8005214929580688, 0.791720986366272, 0.807692289352417, 0.829530656337738, 0.8207300901412964, 0.8116036653518677, 0.7832463979721069, 0.7966101765632629, 0.8200782537460327, 0.800195574760437, 0.812581479549408, 0.8054106831550598, 0.7956323623657227, 0.7881355881690979, 0.7998695969581604, 0.7907431721687317, 0.7995436787605286, 0.7966101765632629, 0.8119295835494995, 0.7933506965637207, 0.8177965879440308, 0.7910690903663635, 0.7799869775772095], "val_loss": [3.0879645347595215, 1.7905064821243286, 1.799167275428772, 1.635860800743103, 1.5927677154541016, 1.354156255722046, 1.2929983139038086, 1.32650887966156, 1.2829158306121826, 1.498346209526062, 1.3282943964004517, 1.3156312704086304, 1.2761119604110718, 1.2511248588562012, 1.2927314043045044, 1.2980691194534302, 1.1878010034561157, 1.22184419631958, 1.2525520324707031, 1.2384309768676758, 1.2672017812728882, 1.216414451599121, 1.20980966091156, 1.1751054525375366, 1.2472573518753052, 1.187537431716919, 1.2098021507263184, 1.1668436527252197, 1.1740334033966064, 1.2056612968444824, 1.1922907829284668, 1.3239713907241821, 1.2415779829025269, 1.234201431274414, 1.1902880668640137, 1.2002543210983276, 1.1362425088882446, 1.152503252029419, 1.1595855951309204, 1.1868634223937988, 1.1833585500717163, 1.2211346626281738, 1.1358462572097778, 1.163404941558838, 1.1572262048721313, 1.1339603662490845, 1.1890838146209717, 1.3632737398147583, 1.2094812393188477, 1.1325457096099854, 1.1510416269302368, 1.1380279064178467, 1.1613627672195435, 1.1093971729278564, 1.2449958324432373, 1.191281795501709, 1.1005162000656128, 1.118540644645691, 1.1329551935195923, 1.094879150390625, 1.1209298372268677, 1.0806022882461548, 1.2084170579910278, 1.1474517583847046, 1.1276721954345703, 1.1482293605804443, 1.1671948432922363, 1.1215839385986328, 1.1572694778442383, 1.128517985343933, 1.1273070573806763, 1.1418205499649048, 1.1555310487747192, 1.108636736869812, 1.1698579788208008, 1.134802222251892, 1.2326805591583252, 1.1443026065826416, 1.169838309288025, 1.1393197774887085, 1.0749350786209106, 1.0978482961654663, 1.1170798540115356, 1.1713895797729492, 1.1571474075317383, 1.0963343381881714, 1.1649389266967773, 1.1321008205413818, 1.137902021408081, 1.1820287704467773, 1.1665382385253906, 1.1531847715377808, 1.1832941770553589, 1.1495352983474731, 1.1747559309005737, 1.120877981185913, 1.1910343170166016, 1.1303949356079102, 1.2190521955490112, 1.2444254159927368]}